file,page,line
(Kopi) AltF4Hub Glossary - Ark1.pdf,1,Noun in
(Kopi) AltF4Hub Glossary - Ark1.pdf,1,business domainNoun
(Kopi) AltF4Hub Glossary - Ark1.pdf,1,explanation Noun in codeNoun code
(Kopi) AltF4Hub Glossary - Ark1.pdf,1,explanation Class Attribute
(Kopi) AltF4Hub Glossary - Ark1.pdf,1,AdminEn person med
(Kopi) AltF4Hub Glossary - Ark1.pdf,1,administratorrettighed
(Kopi) AltF4Hub Glossary - Ark1.pdf,1,er Admin
(Kopi) AltF4Hub Glossary - Ark1.pdf,1,BrugerEn registreret
(Kopi) AltF4Hub Glossary - Ark1.pdf,1,bruger/deltager af
(Kopi) AltF4Hub Glossary - Ark1.pdf,1,tournament-sitet User x
(Kopi) AltF4Hub Glossary - Ark1.pdf,1,"CredentialsBrugernavn,"
(Kopi) AltF4Hub Glossary - Ark1.pdf,1,"adgangskode,"
(Kopi) AltF4Hub Glossary - Ark1.pdf,1,oplysninger der
(Kopi) AltF4Hub Glossary - Ark1.pdf,1,bruges til
(Kopi) AltF4Hub Glossary - Ark1.pdf,1,autentificering Credentials x
(Kopi) AltF4Hub Glossary - Ark1.pdf,1,Error handlingMåden at fange fejl på
(Kopi) AltF4Hub Glossary - Ark1.pdf,1,og give brugeren
(Kopi) AltF4Hub Glossary - Ark1.pdf,1,"feedback om fejlException,"
(Kopi) AltF4Hub Glossary - Ark1.pdf,1,ExceptionControl
(Kopi) AltF4Hub Glossary - Ark1.pdf,1,ler ... x
(Kopi) AltF4Hub Glossary - Ark1.pdf,1,Game developerVirksomheden som
(Kopi) AltF4Hub Glossary - Ark1.pdf,1,ejer spillet/ har
(Kopi) AltF4Hub Glossary - Ark1.pdf,1,udviklet spillet (måske
(Kopi) AltF4Hub Glossary - Ark1.pdf,1,en attribut istedet for
(Kopi) AltF4Hub Glossary - Ark1.pdf,1,klasse?) GameDev x
(Kopi) AltF4Hub Glossary - Ark1.pdf,1,Game platformOnline tjenester som
(Kopi) AltF4Hub Glossary - Ark1.pdf,1,"Epic, Steam, Riot mm.LinkingGamePlat"
(Kopi) AltF4Hub Glossary - Ark1.pdf,1,form x
(Kopi) AltF4Hub Glossary - Ark1.pdf,1,Gaming accountEn konto på en anden
(Kopi) AltF4Hub Glossary - Ark1.pdf,1,spilplatform som kan
(Kopi) AltF4Hub Glossary - Ark1.pdf,1,linkesLinkingGameAcc
(Kopi) AltF4Hub Glossary - Ark1.pdf,1,ount x
(Kopi) AltF4Hub Glossary - Ark1.pdf,1,Hold (Team)Gruppe af
(Kopi) AltF4Hub Glossary - Ark1.pdf,1,brugere/players som
(Kopi) AltF4Hub Glossary - Ark1.pdf,1,deltager in
(Kopi) AltF4Hub Glossary - Ark1.pdf,1,tournaments Team x
(Kopi) AltF4Hub Glossary - Ark1.pdf,1,HostEn bruger som står for
(Kopi) AltF4Hub Glossary - Ark1.pdf,1,oprettelse af
(Kopi) AltF4Hub Glossary - Ark1.pdf,1,"turnering,"
(Kopi) AltF4Hub Glossary - Ark1.pdf,1,turneringsregler samt
(Kopi) AltF4Hub Glossary - Ark1.pdf,1,invitation af andre
(Kopi) AltF4Hub Glossary - Ark1.pdf,1,brugere Host x
(Kopi) AltF4Hub Glossary - Ark1.pdf,2,LinkingAt tilknytte sin konto til
(Kopi) AltF4Hub Glossary - Ark1.pdf,2,andre platforme .
(Kopi) AltF4Hub Glossary - Ark1.pdf,2,ModeratorEn bruger med
(Kopi) AltF4Hub Glossary - Ark1.pdf,2,rettigheder til at fjerne
(Kopi) AltF4Hub Glossary - Ark1.pdf,2,blogposts Moderator x
(Kopi) AltF4Hub Glossary - Ark1.pdf,2,Platform rulesOverordnede regler
(Kopi) AltF4Hub Glossary - Ark1.pdf,2,for hele platformen PlatformRules x
(Kopi) AltF4Hub Glossary - Ark1.pdf,2,Spil (Game)Et spil der indgår i en
(Kopi) AltF4Hub Glossary - Ark1.pdf,2,eller flere tournaments Game xx (Hvis et spil skal
(Kopi) AltF4Hub Glossary - Ark1.pdf,2,tilknyttes til en
(Kopi) AltF4Hub Glossary - Ark1.pdf,2,turnering)
(Kopi) AltF4Hub Glossary - Ark1.pdf,2,SystemcheckEt check der sikrer at
(Kopi) AltF4Hub Glossary - Ark1.pdf,2,indholdet overholder
(Kopi) AltF4Hub Glossary - Ark1.pdf,2,retningslinjerne
(Kopi) AltF4Hub Glossary - Ark1.pdf,2,TurneringOrganiseret
(Kopi) AltF4Hub Glossary - Ark1.pdf,2,konkurrence hold kan
(Kopi) AltF4Hub Glossary - Ark1.pdf,2,melde sig til Tournament x
(Kopi) AltF4Hub Glossary - Ark1.pdf,2,TurneringshistorikOversigt over
(Kopi) AltF4Hub Glossary - Ark1.pdf,2,"holdpræstationer,"
(Kopi) AltF4Hub Glossary - Ark1.pdf,2,vundne præmier samt
(Kopi) AltF4Hub Glossary - Ark1.pdf,2,egne stats History x
(Kopi) AltF4Hub Glossary - Ark1.pdf,2,bekræftelsesbeskedBesked der bekræfter
(Kopi) AltF4Hub Glossary - Ark1.pdf,2,handling er sket som
(Kopi) AltF4Hub Glossary - Ark1.pdf,2,forventet
(Kopi) AltF4Hub Glossary - Ark1.pdf,2,Holdkaptajn Kaptajn for holdet Captain x
(Kopi) AltF4Hub Glossary - Ark1.pdf,2,Holdside oversigt over holdet Team x
(Kopi) AltF4Hub Glossary - Ark1.pdf,2,Overviewoversigt over diverse
(Kopi) AltF4Hub Glossary - Ark1.pdf,2,informationer omkring
(Kopi) AltF4Hub Glossary - Ark1.pdf,2,"admin, regler mm. Overview x"
(Kopi) AltF4Hub Glossary - Ark1.pdf,3,varialble name(s) Related Method(s)Related Method(s)
(Kopi) AltF4Hub Glossary - Ark1.pdf,3,comment
(Kopi) AltF4Hub Glossary - Ark1.pdf,3,"seeAllUsers(), deleteUser(),"
(Kopi) AltF4Hub Glossary - Ark1.pdf,3,setRole()Metoder som kun
(Kopi) AltF4Hub Glossary - Ark1.pdf,3,administrator kan bruge
(Kopi) AltF4Hub Glossary - Ark1.pdf,3,"user, userId,"
(Kopi) AltF4Hub Glossary - Ark1.pdf,3,"username, password,"
(Kopi) AltF4Hub Glossary - Ark1.pdf,3,"Enum role(User,"
(Kopi) AltF4Hub Glossary - Ark1.pdf,3,"Moderator, Admin) login(), register()Login på din konto eller"
(Kopi) AltF4Hub Glossary - Ark1.pdf,3,opret ny bruger
(Kopi) AltF4Hub Glossary - Ark1.pdf,3,"errorMessage logError(), displayError()Metoder der har til"
(Kopi) AltF4Hub Glossary - Ark1.pdf,3,formål at give brugeren
(Kopi) AltF4Hub Glossary - Ark1.pdf,3,feedback for eventuelle
(Kopi) AltF4Hub Glossary - Ark1.pdf,3,fejl
(Kopi) AltF4Hub Glossary - Ark1.pdf,3,"devId, devName,"
(Kopi) AltF4Hub Glossary - Ark1.pdf,3,devDescription
(Kopi) AltF4Hub Glossary - Ark1.pdf,3,"platformId,"
(Kopi) AltF4Hub Glossary - Ark1.pdf,3,"platformName,"
(Kopi) AltF4Hub Glossary - Ark1.pdf,3,"platformDescriptionlinkAccount(),"
(Kopi) AltF4Hub Glossary - Ark1.pdf,3,authenticateUser()Metoder som skal gøre
(Kopi) AltF4Hub Glossary - Ark1.pdf,3,det muligt at tilknytte
(Kopi) AltF4Hub Glossary - Ark1.pdf,3,andre platforme
(Kopi) AltF4Hub Glossary - Ark1.pdf,3,"teamId, teamName createTeam(), joinTeam()Opret hold eller tilmeld"
(Kopi) AltF4Hub Glossary - Ark1.pdf,3,eksisterende hold
(Kopi) AltF4Hub Glossary - Ark1.pdf,3,"setTournamentRules(),"
(Kopi) AltF4Hub Glossary - Ark1.pdf,3,"rejectPlayer(), rejectTeam()Metoder der skal"
(Kopi) AltF4Hub Glossary - Ark1.pdf,3,hjælpe med opretholde
(Kopi) AltF4Hub Glossary - Ark1.pdf,3,gode turneringer
(Kopi) AltF4Hub Glossary - Ark1.pdf,4,deletePost()Metoder som skal
(Kopi) AltF4Hub Glossary - Ark1.pdf,4,hjælpe moderator med
(Kopi) AltF4Hub Glossary - Ark1.pdf,4,at opretholde et pænt
(Kopi) AltF4Hub Glossary - Ark1.pdf,4,forum
(Kopi) AltF4Hub Glossary - Ark1.pdf,4,"gameId, gameName,"
(Kopi) AltF4Hub Glossary - Ark1.pdf,4,"gameRating selectGame(), getGameInfo()Vælg spil, se spilinfo"
(Kopi) AltF4Hub Glossary - Ark1.pdf,4,med tourneringer mm.
(Kopi) AltF4Hub Glossary - Ark1.pdf,4,"tournamentName,"
(Kopi) AltF4Hub Glossary - Ark1.pdf,4,"tournamentId,"
(Kopi) AltF4Hub Glossary - Ark1.pdf,4,"tournamentSize,"
(Kopi) AltF4Hub Glossary - Ark1.pdf,4,"tournamentPoolcreateTournament(),"
(Kopi) AltF4Hub Glossary - Ark1.pdf,4,"deleteTournament(),"
(Kopi) AltF4Hub Glossary - Ark1.pdf,4,"invitePlayer(),"
(Kopi) AltF4Hub Glossary - Ark1.pdf,4,"getTournamentInfo(),"
(Kopi) AltF4Hub Glossary - Ark1.pdf,4,joinTournamentGør det nemt at tilslutte
(Kopi) AltF4Hub Glossary - Ark1.pdf,4,"sig, oprette og slette"
(Kopi) AltF4Hub Glossary - Ark1.pdf,4,turneringer
(Kopi) AltF4Hub Glossary - Ark1.pdf,4,fetchTournamentStats()
(Kopi) AltF4Hub Glossary - Ark1.pdf,4,"removePlayer(), invitePlayer()Skal gøre det muligt at"
(Kopi) AltF4Hub Glossary - Ark1.pdf,4,tilpasse sit hold
MP1.pdf,1,"tdi@cphbus MINI PROJECT 1: DATA INGESTION AND WRANGLING Glossary Data Ingestion is the process of obtaining, importing, and processing data for later use or storage in a database. This can be achieved manually, automatically using combination software hardware tools designed specifically this task. IBM Wrangling, sometimes referred to as munging, transforming mapping from one ""raw"" form into another format with intent making it more appropriate valuable variety downstream purposes such analytics. Wikipedia Objective The objective assignment enable you build train your skills collection, exploration preprocessing. Tasks comes various origins different formats, as: Before being analysed, needs extracted, loaded, transformed (ETL) Python structures, pandas frame numpy numeric array. Your tasks are: 1. Choose minimum three source including both structured unstructured data. Use icons displayed above hint, but feel free extend list known file formats if have any other mind. 2. Write functions loading each selected types sources structure. 3. Ingest by functions. 4. Explore clean ingested needed. 5. Apply anonymisation necessary. 6. visualisation techniques, many appropriate. 7. Store code visuals some brief explanation text Github repository, which will rest course. 8. Upload link repository Moodle’s flow 12/04/2025, 23:59. Notes: It teamwork completed solution brings 20 SP (study points) every participating team member. original solutions (data functions) collected class made available shared use."
